Team,Venue,Borough,Total_Burglaries,Unique_LSOAs,Data_Months,Match_Months,No_Match_Months,Avg_Burglary_Match,Avg_Burglary_No_Match,Std_Match,Std_No_Match,Difference,Percentage_Change,Avg_Distance_Match,Avg_Distance_No_Match,Distance_Difference,Avg_LSOAs_Match,Avg_LSOAs_No_Match,LSOA_Difference,T_Statistic,P_Value_TTest,U_Statistic,P_Value_Mann_Whitney,Cohens_D,Effect_Size,Significant_TTest,Significant_Mann_Whitney,Correlation_Matches_Burglary,Correlation_Attendance_Burglary,Correlation_Goals_Burglary,Data_Period
Arsenal,Emirates Stadium,Islington,783343,5131,144,108,36,5633.388888888889,4859.361111111111,1044.611897106444,873.7770278763595,774.0277777777774,15.928591435774011,11.686422863486598,11.37757020097189,0.3088526625147079,2838.009259259259,2577.0555555555557,260.95370370370347,4.001142428030983,0.00010108003950170772,2775.5,0.0001261026079446351,0.7700202192965734,Medium,True,True,0.2121900411489378,0.41047195732054426,0.261698718910952,2013-03 to 2025-02
Chelsea,Stamford Bridge,Hammersmith and Fulham,770770,5046,144,110,34,5521.109090909091,4807.294117647059,1018.7426982500037,870.3067215995285,713.8149732620323,14.848581255756631,11.907308777336034,11.593565483886138,0.31374329344989604,2778.7727272727275,2541.3823529411766,237.3903743315509,3.688560069731407,0.0003203971568417991,2635.5,0.0003199171493405376,0.7237728792342881,Medium,True,True,0.20600969385774615,0.4317825061966383,0.21694199289105923,2013-03 to 2025-02
Tottenham,Wembley Stadium,Haringey,697928,4435,144,110,34,4998.090909090909,4357.0,871.0248687235893,749.8567539971561,641.090909090909,14.714044275669243,13.70798808320507,13.702837006979854,0.005151076225216045,2474.9,2267.0588235294117,207.84117647058838,3.8691586531829567,0.0001658561591574542,2661.0,0.00020035817456998787,0.7592101106360476,Medium,True,True,0.2164928341005248,0.27641183646225836,0.15090689487259462,2013-03 to 2025-02
West Ham,London Stadium,Newham,743520,4833,144,109,35,5323.697247706422,4663.914285714286,988.0054496830803,839.107346825064,659.7829619921358,14.146549905796327,12.052362190986074,11.82806931747962,0.2242928735064531,2667.532110091743,2449.4857142857145,218.0463958060286,3.5579866779213387,0.0005085342471476808,2644.5,0.0006028913026009207,0.6912550109243226,Medium,True,True,0.2167882966663694,0.24149620922693235,0.15105950880548127,2013-03 to 2025-02
